contract id,Owner id,Owner name,Guarantor id,Guarantor name,Initial amount,Date of signature,Duration,monthly instalment,Remaining amount,Realtor reg,Broker reg,Type,City,address,Longitude,Latitude,Purchase price,Superficy feet,Street Reference,Street nr
11111,38-3749416,George Yearnes,52-2212275,Curt Braunes,337771.5,2017-08-12,20,1407.38,Initial Amount - (monthly instalment * number of months since signature date),12-9652522,12-3456780,CONDO,Miami,"665 Calusa Street, Miami, Florida",-80.23361,25.73892,450362,1271,4290,665
11112,49-6574770,Putnam Gibbeson,,,168150,2012-08-01,20,700.63,,49-9802575,12-3456790,HOUSE,Palmetto Bay,"419 Deering Estate at Cutler, Palmetto Bay, Florida",-80.30683,25.61587,224200,4093,5589,419
11113,73-6902520,Gage Ugo,,,806871,2008-03-29,20,3361.96,,62-8851504,12-3456800,HOUSE,Palmetto Bay,"337 Southwest 154th Terrace, Palmetto Bay, Florida",-80.32734,25.62715,1075828,3125,5658,337
11114,32-5863581,Albert Rantoul,,,116849.25,2009-01-01,20,486.87,,44-8442548,12-3456810,HOUSE,Miami Gardens,"1132 Northwest 14th Place, Miami Gardens, Florida",-80.22736,25.96744,155799,3127,5216,1132
11115,37-9503202,Abdel Daish,,,258741,2010-10-18,20,1078.09,,35-3277136,12-3456820,HOUSE,Fort Lauderdale,"425 Southwest 30th Street, Fort Lauderdale, Florida",-80.15674,26.08730,344988,3997,3008,425
11116,88-4601440,Arlin Keene,,,153247.5,2008-10-16,20,638.53,,91-8431424,12-3456830,HOUSE,Homestead,"1454 Northeast 32nd Avenue, Homestead, Florida",-80.42997,25.48249,204330,4003,3269,1454
11117,42-0069329,Ewan Castleton,,,220992,2017-09-27,20,920.8,,20-2131089,12-3456840,HOUSE,Delray Beach,"293 Northwest 22nd Court, Delray Beach, Florida",-80.09734,26.47384,294656,4592,1535,293
11118,82-0938138,Maxwell Kilduff,,,834504,2017-02-26,20,3477.1,,99-6335591,12-3456850,HOUSE,Miami,"259 Northeast 4th Court, Miami, Florida",-80.18747,25.83231,1112672,4827,4505,259
11119,52-8939475,Ruttger Ledbury,,,226631.25,2018-04-04,20,944.3,,38-1577256,12-3456860,HOUSE,Deerfield Beach,"1534 Northwest 5th Street, Deerfield Beach, Florida",-80.10392,26.32460,302175,4301,752,1534
11120,14-7947022,Bondy Lemon,45-7559488,Cyril Trayhorn,476806.5,2014-05-27,20,1986.69,,78-7399455,12-3456870,CONDO,Fort Lauderdale,"208 Northwest 26th Terrace, Fort Lauderdale, Florida",-80.17809,26.20763,635742,1675,2631,208
11121,70-0454204,Morley Lippiello,06-9305951,Webster Tzar,401755.5,2009-05-20,20,1673.98,,75-1586940,12-3456880,CONDO,Fort Lauderdale,"710 Southwest 13rd Avenue, Fort Lauderdale, Florida",-80.15819,26.09441,535674,1028,2910,710
11122,61-8842573,Yancey Ben-Aharon,97-7956958,Guilbert Voce,317134.5,2016-07-16,20,1321.39,,72-0951825,12-3456890,CONDO,Miami Gardens,"571 Northwest 19th Avenue, Miami Gardens, Florida",-80.23403,25.96276,422846,775,5379,571
11123,04-3964795,Aguste Calderwood,62-8773079,Curtice Kenchington,200904,2015-02-27,20,837.1,,15-7398767,12-3456900,CONDO,Edgewater,"300 Hardin Place, Edgewater, Florida",-80.89625,28.97574,267872,605,1993,300
11124,09-6042427,Thornie Hellen,10-2716244,Kendall Runsey,304393.5,2018-08-29,20,1268.31,,15-9986255,12-3456910,CONDO,Miami,"942 Northeast 26th Terrace, Miami, Florida",-80.18921,25.80227,405858,1106,4469,942
11125,36-5013594,Rip Heath,28-1098819,Case Stoodley,490462.5,2012-12-03,20,2043.59,,10-9438282,12-3456920,CONDO,Delray Beach,"1995 Preserve Drive, Delray Beach, Florida",-80.11754,26.43228,653950,352,1646,1995
11126,71-2031902,Timmie Crebott,14-0442958,Herc Connochie,574519.5,2017-05-30,20,2393.83,,94-4114158,12-3456930,CONDO,Fort Lauderdale,"327 Southeast 26th Avenue, Fort Lauderdale, Florida",-80.11152,26.11877,766026,1394,2870,327
11127,23-4716969,Derry Davies,95-7908038,Arnaldo Ambrois,285251.25,2007-04-18,20,1188.55,,86-4895885,12-3456940,CONDO,Pompano Beach,"1946 Northeast 5th Street, Pompano Beach, Florida",-80.11060,26.23619,380335,1434,6302,1946
11128,17-3260527,Willard Throssell,62-2372382,Boote Senecaux,339855,2015-12-24,20,1416.06,,62-2561215,12-3456950,CONDO,Deerfield Beach,"1598 Lob Lolly Lane, Deerfield Beach, Florida",-80.13643,26.32584,453140,1520,496,1598
11129,98-4406605,Kipp Pattesall,45-5705417,Pernell McMinn,297511.5,2010-06-26,20,1239.63,,04-6658427,12-3456960,CONDO,Palmetto Bay,"1173 Southwest 171st Terrace, Palmetto Bay, Florida",-80.33867,25.61093,396682,1598,5705,1173
11130,86-1742238,Mordecai Robbeke,67-3781787,Colver Flatt,435942,2017-07-25,20,1816.43,,04-4416342,12-3456970,CONDO,Delray Beach,"480 Bessie Street, Delray Beach, Florida",-80.08163,26.44294,581256,1743,1120,480
11131,09-2437308,Ric Dean,65-4438656,Micky Zaniolini,524207.25,2017-06-30,20,2184.2,,61-0913511,12-3456980,CONDO,Fort Lauderdale,"379 Southwest 30th Terrace, Fort Lauderdale, Florida",-80.18520,26.10310,698943,894,3009,379
11132,63-3538135,Alleyn Athey,16-4906238,Bald Bramont,674110.5,2009-11-23,20,2808.79,,39-0624993,12-3456990,CONDO,Miami,"1603 Northwest Flagler Terrace, Miami, Florida",-80.24320,25.77302,898814,1237,4819,1603
11133,30-3308786,Nikolaus Tylor,03-3276164,Matt Driutti,164217,2013-10-25,20,684.24,,28-8579142,12-3457000,CONDO,Pompano Beach,"1510 Spring Street, Pompano Beach, Florida",-80.08543,26.25956,218956,742,6670,1510
11134,21-9817304,Eliot Heatherington,88-0289720,Gearalt Nucci,392269.5,2015-04-11,20,1634.46,,19-7667346,12-3457010,CONDO,Kendall,"1495 Southwest 115th Place, Kendall, Florida",-80.38131,25.68886,523026,662,3927,1495
11135,42-8394307,Giulio Barltrop,80-6607985,Morey Kinchley,224175,2010-09-18,20,934.06,,70-6808658,12-3457020,CONDO,Kendall,"1901 Southwest 136th Terrace, Kendall, Florida",-80.34169,25.64312,298900,875,4016,1901
11136,53-3130163,Thorstein Cabena,,,516937.5,2010-07-20,20,2153.91,,10-4025219,12-3457030,HOUSE,Delray Beach,"1721 East la Sedona Circle, Delray Beach, Florida",-80.12331,26.46601,689250,3721,1250,1721
11137,06-4133104,Haroun Yeldon,,,204879,2015-05-03,20,853.66,,86-3996927,12-3457040,HOUSE,Deerfield Beach,"1352 Grantham C, Deerfield Beach, Florida",-80.13435,26.30898,273172,4007,452,1352
11138,56-5079430,Kris De Freitas,,,98904,2009-09-25,20,412.1,,69-6698785,12-3457050,HOUSE,Miami Gardens,"1175 Northwest 10th Avenue, Miami Gardens, Florida",-80.21746,25.94817,131872,4977,5201,1175
11139,74-2306182,Yorker Laity,,,437116.5,2008-09-04,20,1821.32,,79-0660728,12-3457060,HOUSE,Deerfield Beach,"523 Northeast 4th Terrace, Deerfield Beach, Florida",-80.11778,26.27954,582822,4417,587,523
11140,57-2356606,Frasquito Defont,,,658312.5,2011-04-29,20,2742.97,,89-3702281,12-3457070,HOUSE,Homestead,"206 Southwest 4th Avenue, Homestead, Florida",-80.48342,25.46613,877750,5347,3707,206
11141,75-6441152,Abie Gocher,,,678289.5,2014-05-11,20,2826.21,,01-4576404,12-3457080,HOUSE,Miami,"1170 Northeast 3rd Court, Miami, Florida",-80.19027,25.85142,904386,3357,4493,1170
11142,03-8431463,Sanford Deare,,,636977.25,2020-01-31,20,2654.07,,67-5036672,12-3457090,HOUSE,Edgewater,"1969 Eaton Road, Edgewater, Florida",-80.90068,28.97428,849303,4781,1969,1969
11143,34-9409910,Ethelbert Keston,,,205312.5,2007-06-27,20,855.47,,33-6212894,12-3457100,HOUSE,Fort Lauderdale,"609 Northwest 10th Way, Fort Lauderdale, Florida",-80.15811,26.18370,273750,3703,2529,609
11144,17-1750290,Fredek Vignal,,,200460,2017-09-15,20,835.25,,86-3840590,12-3457110,HOUSE,Homestead,"1121 South Liberty Avenue, Homestead, Florida",-80.46579,25.45671,267280,5437,3469,1121
11145,94-5799833,Kerk Sewter,,,594045,2018-04-22,20,2475.19,,67-9804572,12-3457120,HOUSE,Delray Beach,"1042 Southwest 28th Avenue, Delray Beach, Florida",-80.10397,26.45511,792060,3319,1778,1042
11146,29-9389700,Booth Turle,,,239832.75,2009-01-09,20,999.3,,50-3355708,12-3457130,HOUSE,Fort Lauderdale,"341 Northwest 32nd Way, Fort Lauderdale, Florida",-80.19156,26.20174,319777,4837,2662,341
11147,81-4838916,Antony Treneman,,,492148.5,2017-11-18,20,2050.62,,62-1293499,12-3457140,HOUSE,Delray Beach,"1618 Auburn Drive, Delray Beach, Florida",-80.08437,26.45249,656198,2913,1091,1618
11148,58-5578673,Izaak McKue,,,498771,2009-08-08,20,2078.21,,76-4327019,12-3457150,HOUSE,Fort Lauderdale,"1755 Northwest 16th Avenue, Fort Lauderdale, Florida",-80.16700,26.20846,665028,2695,2563,1755
11149,62-3896694,Ogdon Hampshaw,,,720907.5,2019-06-30,20,3003.78,,43-9575924,12-3457160,HOUSE,Miami,"142 Northwest Flagler Terrace, Miami, Florida",-80.27273,25.77217,961210,4652,4820,142
11150,86-1521345,Randolph Milburne,,,581022,2019-02-18,20,2420.93,,09-8395099,12-3457170,HOUSE,Homestead,"1447 West Mowry Drive, Homestead, Florida",-80.48551,25.46977,774696,4215,3742,1447
11151,78-8499027,Holt Rontree,,,246900,2011-06-25,20,1028.75,,30-6827810,12-3457180,HOUSE,Cutler Bay,"1824 Coral Sea Road, Cutler Bay, Florida",-80.35053,25.57505,329200,3373,26,1824
11152,61-0443816,Gino Whittick,,,439518,2017-09-25,20,1831.33,,40-7793493,12-3457190,HOUSE,Fort Lauderdale,"813 Southwest 33rd Avenue, Fort Lauderdale, Florida",-80.18855,26.09747,586024,5028,3015,813
11153,26-5635826,Arel Fairbourn,,,234360,2020-03-15,20,976.5,,61-3506454,12-3457200,HOUSE,Fort Lauderdale,"1188 Northeast 25th Street, Fort Lauderdale, Florida",-80.11125,26.15784,312480,3195,2402,1188
11154,06-4341737,Benjie Bretland,,,109541.25,2019-04-05,20,456.42,,16-7402496,12-3457210,HOUSE,Miami Gardens,"1574 Northwest 161st Street, Miami Gardens, Florida",-80.26828,25.92026,146055,4717,5242,1574
11155,76-9979521,Amby Schuelcke,,,543348,2012-03-13,20,2263.95,,49-4865285,12-3457220,HOUSE,Pompano Beach,"1072 Buttonwood Court, Pompano Beach, Florida",-80.10063,26.22136,724464,2619,6073,1072
11156,71-6033832,Gilbert Rubinlicht,,,236576.25,2017-07-04,20,985.73,,32-8234741,12-3457230,HOUSE,Deerfield Beach,"1276 Avenue of the Lakes, Deerfield Beach, Florida",-80.15066,26.32509,315435,3721,365,1276
11157,05-6062299,Shelley Picott,,,238053,2009-03-09,20,991.89,,94-0178122,12-3457240,HOUSE,Palmetto Bay,"277 Southwest 153rd Street, Palmetto Bay, Florida",-80.32653,25.62834,317404,4072,5654,277
11158,77-5849768,Fredek Castiglione,,,447330,2009-02-10,20,1863.88,,87-4143432,12-3457250,HOUSE,Fort Lauderdale,"570 Southwest 13th Circle, Fort Lauderdale, Florida",-80.15743,26.10609,596440,3842,2912,570
11159,77-7088852,Alwin Axleby,,,645349.5,2015-08-16,20,2688.96,,84-7728728,12-3457260,HOUSE,Homestead,"855 Northeast 13th Street, Homestead, Florida",-80.42126,25.48349,860466,4575,3204,855
11160,86-8460478,Zerk Archer,,,551724,2007-06-04,20,2298.85,,38-4950792,12-3456780,HOUSE,Delray Beach,"1649 North Rainberry Circle, Delray Beach, Florida",-80.10411,26.47908,735632,3755,1458,1649
11161,26-3502260,Chester Imort,,,190992,2019-11-10,20,795.8,,30-1832278,12-3456790,HOUSE,Homestead,"27 Southeast 11th Street, Homestead, Florida",-80.44359,25.45879,254656,3157,3476,27
11162,26-6840830,Lock Kearle,,,712278,2020-01-01,20,2967.83,,24-0418268,12-3456800,HOUSE,Pinecrest,"882 Southwest 134th Drive, Pinecrest, Florida",-80.29895,25.64672,949704,3291,5934,882
11163,27-7577685,Logan Manwaring,,,352210.5,2018-05-03,20,1467.54,,95-1240308,12-3456810,HOUSE,Pompano Beach,"1311 Northwest 2nd Avenue, Pompano Beach, Florida",-80.12504,26.24435,469614,4894,6423,1311
11164,09-5721533,Evyn Drohane,,,192618,2007-12-21,20,802.58,,24-0715628,12-3456820,HOUSE,Miami,"700 Southwest 21st Road, Miami, Florida",-80.20197,25.75592,256824,5477,4961,700
11165,00-4961300,Greggory Cronchey,,,687703.5,2012-12-05,20,2865.43,,95-7777891,12-3456830,HOUSE,Delray Beach,"1551 Flamingo Lane, Delray Beach, Florida",-80.11585,26.47527,916938,4538,1282,1551
11166,69-9481829,Dimitry Cutress,,,444213,2018-02-23,20,1850.89,,84-0051468,12-3456840,HOUSE,Homestead,"664 Noutheast 33rd Terrace, Homestead, Florida",-80.42764,25.47166,592284,2756,3384,664
11167,31-8014324,Terry Nelane,,,462739.5,2009-12-03,20,1928.08,,97-3644263,12-3456850,HOUSE,Pompano Beach,"1079 Southwest 10th Street, Pompano Beach, Florida",-80.16476,26.21585,616986,2517,6597,1079
11168,82-2686383,Care Flippen,,,510561,2009-09-21,20,2127.34,,49-2424387,12-3456860,HOUSE,Edgewater,"1714 Union Street, Edgewater, Florida",-80.90639,28.98666,680748,2692,2125,1714
11169,28-6717738,Vick Lovstrom,64-5409496,Hubie Bacop,460760.25,2011-03-12,20,1919.83,,30-5410033,12-3456870,CONDO,Delray Beach,"403 Beverly Drive, Delray Beach, Florida",-80.07646,26.47040,614347,1850,1121,403
11170,85-4156279,Chance Binnell,26-7508409,Odie MacDonogh,460680,2014-06-02,20,1919.5,,56-4478981,12-3456880,CONDO,Delray Beach,"1949 Delray Bay Drive, Delray Beach, Florida",-80.07497,26.42389,614240,610,1221,1949
11171,24-1990792,Jeramie Cowell,91-9887805,Cristobal Kitcat,192577.5,2013-04-19,20,802.41,,40-8245924,12-3456890,CONDO,Deerfield Beach,"1401 Newport Drive, Deerfield Beach, Florida",-80.14628,26.30485,256770,1030,519,1401
11172,05-8940738,Anderson Dyet,11-3269045,Emlen Stallon,463050,2016-03-14,20,1929.38,,14-4054600,12-3456900,CONDO,Deerfield Beach,"813 Southwest 13th Drive, Deerfield Beach, Florida",-80.14625,26.29944,617400,1467,895,813
11173,21-4586108,Nikolos Redholes,43-7834910,Cello Dorset,165049.5,2007-11-24,20,687.71,,89-9138620,12-3456910,CONDO,Edgewater,"1376 Camino Real Drive, Edgewater, Florida",-80.90010,28.97677,220066,703,1938,1376
11174,67-6342432,Brice Cerman,53-2043280,Rolando Abbis,776412,2012-10-20,20,3235.05,,01-2221126,12-3456920,CONDO,Pinecrest,"864 Southwest 114th Terrace, Pinecrest, Florida",-80.28704,25.66495,1035216,1795,5888,864
11175,20-0914675,Jamill De Pero,61-5404653,Hoebart Kubacek,286098.75,2019-04-03,20,1192.08,,23-4401091,12-3456940,CONDO,Edgewater,"1932 West Turgot Avenue, Edgewater, Florida",-80.90382,28.98074,381465,1747,2141,1932
11176,49-9932481,Ward Rodinger,71-5197875,Wat Bygott,198948.75,2012-05-29,20,828.95,,15-0912413,12-3456950,CONDO,Deerfield Beach,"761 Eastridge, Deerfield Beach, Florida",-80.13556,26.27918,265265,1262,419,761
11177,11-6830510,Hieronymus Smallpeace,97-7519429,Sanderson Seak,279813.75,2017-11-04,20,1165.89,,12-8076190,12-3456960,CONDO,Fort Lauderdale,"1495 Southwest 11th Street, Fort Lauderdale, Florida",-80.15047,26.10921,373085,817,2900,1495
11178,36-0954209,Dalston Cowan,74-5239585,Gavan Atchly,699321.75,2019-04-28,20,2913.84,,28-2736876,12-3456970,CONDO,Miami,"422 Mundy Street, Miami, Florida",-80.25267,25.73262,932429,1073,4423,422
11179,16-2829035,Warren Saynor,31-2687138,Errol Tuckerman,640458,2020-03-16,20,2668.58,,01-7292181,12-3456980,CONDO,Homestead,"691 Northeast 34th Avenue, Homestead, Florida",-80.42524,25.47838,853944,477,3275,691
11180,59-3484281,Banky Spreckley,41-0677019,Gordan Shillabeare,471486.75,2013-08-27,20,1964.53,,69-7066574,12-3456990,CONDO,Homestead,"533 Southeast 22nd Drive, Homestead, Florida",-80.44488,25.46615,628649,1007,3542,533
11181,38-5313678,Turner Whiteford,85-5090676,Sigismund Larcombe,287023.5,2012-06-22,20,1195.93,,96-3177817,12-3457000,CONDO,Deerfield Beach,"158 Southeast 8th Court, Deerfield Beach, Florida",-80.08868,26.30639,382698,1555,871,158
11182,65-1228213,Conny Gregorin,88-6762245,Stavro Shelp,226899.75,2017-08-15,20,945.42,,61-4352797,12-3457010,CONDO,Miami,"31 Northwest 58th Court, Miami, Florida",-80.29093,25.77436,302533,1123,4757,31
11183,71-3488894,Tobit Tucknutt,26-6053576,Myca Flukes,207225,2013-08-30,20,863.44,,54-8059930,12-3457020,CONDO,Kendall,"575 Southwest 113th Place, Kendall, Florida",-80.37644,25.68844,276300,1028,3903,575
11184,17-6617877,Tremaine Bortolotti,87-6929608,Free Sydes,470635.5,2014-01-06,20,1960.98,,18-2834895,12-3457030,CONDO,Fort Lauderdale,"824 River Reach Drive, Fort Lauderdale, Florida",-80.15548,26.10933,627514,1357,2785,824
11185,64-0177029,Ambrosi Havile,88-7948558,Leonerd Emmanuel,297050.25,2015-02-23,20,1237.71,,99-2918772,12-3457040,CONDO,Homestead,"538 NE 35th Terr, Homestead, Florida",-80.42412,25.47369,396067,1963,3168,538
11186,33-9215042,Corbet Douty,63-9564510,Inigo Simnett,423141.75,2019-04-02,20,1763.09,,76-5045333,12-3457050,CONDO,Kendall,"1743 Southwest 105th Court, Kendall, Florida",-80.36590,25.65595,564189,961,3827,1743
11187,28-6304005,Chane Coggell,27-2777556,Meir Horning,674378.25,2012-09-11,20,2809.91,,46-2423565,12-3457060,CONDO,Delray Beach,"1588 Lake Court, Delray Beach, Florida",-80.07269,26.47184,899171,1225,1371,1588
11188,23-1004785,Gabby Andriveau,73-2982879,Chicky Eudall,228131.25,2011-02-01,20,950.55,,16-6467065,12-3457070,CONDO,Delray Beach,"972 High Point Boulevard, Delray Beach, Florida",-80.10245,26.46021,304175,1091,1330,972
11189,14-0442958,Herc Connochie,44-9089398,Akim Upston,669802.5,2018-07-13,20,2790.84,,94-4114158,12-3456930,CONDO,Palmetto Bay,"458 Southwest 67th Avenue, Palmetto Bay, Florida",-80.30109,25.62946,893070,1215,5736,458
11190,82-7670837,Aldo Fridaye,25-6822753,Wood Eayrs,567007.5,2014-06-17,20,2362.53,,97-5637685,12-3457090,CONDO,Deerfield Beach,"539 Indepence Drive, Deerfield Beach, Florida",-80.16155,26.29936,756010,1267,475,539
11191,71-1091950,Benn Pinckney,89-9835928,Davon Phillip,185016,2011-08-21,20,770.9,,73-6626005,12-3457100,CONDO,Kendall,"1884 Southwest 98th Place, Kendall, Florida",-80.35461,25.66146,246688,1517,4225,1884
11192,05-9810935,Chicky Demanche,96-6255186,Lyman Hincks,564642,2008-02-27,20,2352.68,,14-9846503,12-3457110,CONDO,Delray Beach,"1475 Del Aire Avenue, Delray Beach, Florida",-80.09829,26.44586,752856,814,1215,1475
11193,63-4486672,Anatol Shelliday,45-0312987,Dale Arnaud,338688,2013-07-14,20,1411.2,,36-5629070,12-3457120,CONDO,Miami Gardens,"1894 Northwest 1st Court, Miami Gardens, Florida",-80.20477,25.96520,451584,837,5386,1894
11194,04-7012806,Darnell Tyre,59-4293839,Everett Rennick,300504,2014-10-30,20,1252.1,,27-5721547,12-3457130,CONDO,Pompano Beach,"1818 Northeast 7th Avenue, Pompano Beach, Florida",-80.11352,26.26753,400672,1447,6305,1818
11195,68-0486677,Colet Andrejs,13-7214617,Batholomew Guyonneau,226419,2012-03-18,20,943.41,,69-3960610,12-3457140,CONDO,Miami,"708 Southwest 2nd Terrace, Miami, Florida",-80.29073,25.76849,301892,1532,5007,708
11196,73-6467333,Cyrus Treweek,28-6720791,Ricki Bingley,107001,2020-01-05,20,445.84,,42-8777820,12-3457150,CONDO,Fort Lauderdale,"1264 Northeast 59th Street, Fort Lauderdale, Florida",-80.10366,26.20145,142668,668,2493,1264
11197,99-7946702,Terrance Fairbourn,87-7777046,Frankie Sergison,711390,2018-11-19,20,2964.13,,39-0271138,12-3457160,CONDO,Palmetto Bay,"1228 Southwest 164th Terrace, Palmetto Bay, Florida",-80.32745,25.61755,948520,1599,5681,1228
11198,11-3203813,Devlin Huie,96-0453358,Jordan Briereton,483285,2016-02-23,20,2013.69,,40-0010852,12-3457170,CONDO,Deerfield Beach,"421 Southeast 16th Place, Deerfield Beach, Florida",-80.09117,26.29575,644380,1268,836,421
11199,70-9429898,Giuseppe Raubenheimers,50-5088524,Mickey Chesson,367942.5,2019-05-06,20,1533.09,,35-3856385,12-3457180,CONDO,Delray Beach,"482 Fisher Lane, Delray Beach, Florida",-80.06367,26.46995,490590,1790,1279,482
11200,32-2816838,Tuck Margerrison,18-4415188,Christian Sieve,509520,2015-11-26,20,2123,,99-0172335,12-3457190,CONDO,Pompano Beach,"825 Northeast 18th Terrace, Pompano Beach, Florida",-80.09798,26.27882,679360,594,6197,825
11201,81-7256206,Daren Murgatroyd,97-3880829,Lothaire Desseine,506972.25,2010-04-07,20,2112.38,,05-9043151,12-3457200,CONDO,Deerfield Beach,"728 Northwest 13th Avenue, Deerfield Beach, Florida",-80.14215,26.28789,675963,1905,632,728
11202,96-4347870,Shamus Blowin,32-2612141,Parnell Wallworke,240125.25,2007-10-16,20,1000.52,,29-6629276,12-3457210,CONDO,Pompano Beach,"1636 Southeast 12th Avenue, Pompano Beach, Florida",-80.11150,26.22920,320167,602,6532,1636
11203,67-2570884,Humfried Gimlet,36-9006594,Herbie Iglesias,316608,2017-02-19,20,1319.2,,94-3814051,12-3457220,CONDO,Deerfield Beach,"811 Rich Drive, Deerfield Beach, Florida",-80.11394,26.30801,422144,1391,788,811
11204,93-9153808,Ashton Jeune,50-3968227,Rorke Ketch,294313.5,2018-01-13,20,1226.31,,01-9105888,12-3457230,CONDO,Delray Beach,"1931 Georgia Street, Delray Beach, Florida",-80.08656,26.44325,392418,1754,1298,1931
11205,38-6556337,Joshia Pentelo,34-4487505,Jone Deeble,599053.5,2017-09-18,20,2496.06,,39-2331330,12-3457240,CONDO,Pompano Beach,"781 Southwest 15th Avenue, Pompano Beach, Florida",-80.14338,26.22723,798738,895,6610,781
11206,08-7588576,Hoyt Hise,14-1424934,Tailor Stevani,627574.5,2018-02-13,20,2614.89,,04-1669848,12-3457250,CONDO,Pompano Beach,"219 Dover Road, Pompano Beach, Florida",-80.08713,26.25857,836766,659,6094,219
11207,69-4903902,Dunstan Payn,,,720834.75,2018-07-09,20,3003.48,,79-3167314,12-3457260,HOUSE,Deerfield Beach,"1788 Southwest 7th Avenue, Deerfield Beach, Florida",-80.11406,26.30157,961113,2717,995,1788
11208,89-3085806,Tobiah Shillum,,,603281.25,2017-10-12,20,2513.67,,29-7630447,12-3456780,HOUSE,Pompano Beach,"1003 Northwest 34th Court, Pompano Beach, Florida",-80.14310,26.27286,804375,4496,6444,1003
11209,28-1196158,Godfrey Durante,,,502758,2014-08-11,20,2094.83,,61-5219684,12-3456790,HOUSE,Palmetto Bay,"1470 Southwest 90th Court, Palmetto Bay, Florida",-80.33799,25.60046,670344,4861,5808,1470
11210,31-5530201,Wade Beedell,,,486945,2020-01-08,20,2028.94,,16-1077959,12-3456800,HOUSE,Pompano Beach,"1463 Northwest 11th Street, Pompano Beach, Florida",-80.15735,26.24183,649260,4120,6328,1463
11211,57-4689058,Town Gerant,,,681120,2010-06-04,20,2838,,34-4049819,12-3456810,HOUSE,Delray Beach,"101 Cardinal Drive, Delray Beach, Florida",-80.08347,26.42643,908160,3875,1157,101
11212,94-6951764,Danya Shirlaw,,,221595,2010-01-07,20,923.31,,04-9761536,12-3456820,HOUSE,Edgewater,"1439 West Turgot Avenue, Edgewater, Florida",-80.90382,28.98074,295460,3288,2141,1439
11213,72-2665184,Clayborne Levane,,,576562.5,2011-12-13,20,2402.34,,85-1107136,12-3456830,HOUSE,Fort Lauderdale,"1781 Northwest 15th Way, Fort Lauderdale, Florida",-80.16354,26.12925,768750,3738,2559,1781
11214,25-5226428,Lonnie Drane,,,672087.75,2007-07-05,20,2800.37,,45-8054763,12-3456840,HOUSE,Kendall,"1476 North Perimeter Road, Kendall, Florida",-80.37719,25.67867,896117,2802,3770,1476
11215,17-0107307,Clywd Hanks,,,703795.5,2018-04-25,20,2932.48,,23-4137291,12-3456850,HOUSE,Pompano Beach,"1110 Northeast 22nd Street, Pompano Beach, Florida",-80.12029,26.25865,938394,4641,6221,1110
11216,22-9476315,Filmer Iredell,,,449190,2018-11-29,20,1871.63,,90-3368758,12-3456860,HOUSE,Kendall,"665 Southwest 95th Court, Kendall, Florida",-80.34861,25.63201,598920,2902,4204,665
11217,73-2075446,Brenden Demonge,,,474516,2012-03-10,20,1977.15,,58-4882592,12-3456870,HOUSE,Pompano Beach,"925 Southwest 6th Court, Pompano Beach, Florida",-80.12733,26.22164,632688,3062,6653,925
11218,16-2431258,Alley Hellin,,,158499,2018-07-15,20,660.41,,49-7199010,12-3456880,HOUSE,Palmetto Bay,"14 Southwest 89th Avenue, Palmetto Bay, Florida",-80.33675,25.60847,211332,2664,5801,14
11219,98-3793686,Frederick Hellyer,,,528637.5,2018-07-11,20,2202.66,,54-1331042,12-3456890,HOUSE,Homestead,"1339 Northeast 9th Drive, Homestead, Florida",-80.42499,25.47939,704850,3588,3321,1339
11220,22-3246281,Andres Tasch,,,138192.75,2019-01-29,20,575.8,,71-3040555,12-3456900,HOUSE,Kendall,"94 Southwest 112th Cir Lane North, Kendall, Florida",-80.37834,25.66396,184257,4812,3889,94
11221,56-1504540,Thomas Ruby,,,165843.75,2013-05-18,20,691.02,,12-9009844,12-3456910,HOUSE,Fort Lauderdale,"1039 Northwest 24th Avenue, Fort Lauderdale, Florida",-80.17407,26.14738,221125,4825,2615,1039
11222,25-5415864,Hiram Luckman,,,334152,2009-02-07,20,1392.3,,48-2891601,12-3456920,HOUSE,Fort Lauderdale,"440 Southwest 34th Way, Fort Lauderdale, Florida",-80.19208,26.09327,445536,2698,3023,440
11223,01-6434841,Andres Michie,,,557232,2009-02-09,20,2321.8,,00-1285216,12-3456940,HOUSE,Pinecrest,"717 Southwest 123rd Terrace, Pinecrest, Florida",-80.29624,25.65682,742976,5402,5910,717
11224,38-7178120,Sven Blofield,,,857976,2013-08-29,20,3574.9,,54-0928812,12-3456950,HOUSE,Miami,"1900 Southwest 23rd Court, Miami, Florida",-80.23325,25.76077,1143968,2752,4968,1900
11225,02-9271828,Hilarius Boyall,,,599940,2007-05-09,20,2499.75,,62-3500911,12-3456960,HOUSE,Kendall,"1668 Southwest 104th Avenue, Kendall, Florida",-80.36352,25.68240,799920,4590,3817,1668
11226,33-5613774,Cad O'Mullaney,,,364032.75,2011-11-16,20,1516.8,,80-2883063,12-3456970,HOUSE,Miami,"1620 Cultry Drive, Miami, Florida",-80.25460,25.70970,485377,2747,4314,1620
11227,35-0321433,Humberto Begin,,,492780,2018-12-30,20,2053.25,,10-2251332,12-3456980,HOUSE,Deerfield Beach,"1607 Southeast 8th Terrace, Deerfield Beach, Florida",-80.09318,26.31657,657040,4142,873,1607
11228,81-2144530,Bartholemy Calbrathe,,,455172,2013-06-20,20,1896.55,,93-1552868,12-3456990,HOUSE,Homestead,"169 Northeast 41st Place, Homestead, Florida",-80.41424,25.49311,606896,4311,3299,169
11229,37-6176461,Yance Bolle,,,409887,2007-08-17,20,1707.86,,22-4622207,12-3457000,HOUSE,Delray Beach,"340 Cocoanut Road, Delray Beach, Florida",-80.07215,26.48915,546516,3618,1183,340
11230,82-6408426,Bruce Walbrun,,,508494.75,2015-06-10,20,2118.73,,96-6999843,12-3457010,HOUSE,Palmetto Bay,"1994 Southwest 89th Place, Palmetto Bay, Florida",-80.33867,25.61926,677993,3674,5805,1994
11231,88-9795163,Skylar Goldine,,,421200,2017-03-17,20,1755,,25-3352987,12-3457020,HOUSE,Miami,"1285 Florida Avenue, Miami, Florida",-80.24553,25.72865,561600,5004,4343,1285
11232,15-3709378,Tudor Casale,01-9532135,Oran Stigger,467407.5,2017-07-13,20,1947.53,,99-9938349,12-3457030,CONDO,Homestead,"159 Noutheast 33rd Terrace, Homestead, Florida",-80.42764,25.47166,623210,488,3384,159
11233,72-7634742,Web Leale,02-9109212,Robers Ells,348982.5,2010-05-16,20,1454.09,,43-9388162,12-3457040,CONDO,Deerfield Beach,"1882 Southwest 30th Avenue, Deerfield Beach, Florida",-80.14443,26.30412,465310,662,954,1882
11234,29-2748962,Alberto Whoolehan,22-4418085,Maddie Bon,500004,2016-09-06,20,2083.35,,03-3088277,12-3457050,CONDO,Pompano Beach,"775 Northeast 17th Avenue, Pompano Beach, Florida",-80.10692,26.23358,666672,538,6188,775
11235,11-8834631,Derril Seagar,11-4050706,Foster Benedicto,483261.75,2018-10-24,20,2013.59,,94-4114158,12-3456930,CONDO,Kendall,"584 Southwest 83rd Street, Kendall, Florida",-80.36240,25.69145,644349,1088,4117,584
11236,19-7519199,Karlis Smedley,25-5816102,Yorker Mewe,399330,2008-06-08,20,1663.88,,95-9319861,12-3457070,CONDO,Delray Beach,"175 Georgia Street, Delray Beach, Florida",-80.08656,26.44325,532440,1057,1298,175
11237,42-8701191,Falkner Lovemore,12-1773307,Xenos Billett,328545,2007-09-20,20,1368.94,,02-6243425,12-3457080,CONDO,Homestead,"589 SE 3rd Court, Homestead, Florida",-80.42059,25.46673,438060,1746,3442,589
11238,22-2106291,Richart Asty,73-6759916,Eal Cranton,574740,2017-05-26,20,2394.75,,56-5232904,12-3457090,CONDO,Miami,"597 Northwest 40th Court, Miami, Florida",-80.26230,25.77720,766320,1246,4710,597
11239,15-0534599,Carter Boleyn,49-0756505,Reed Wasson,369843.75,2008-11-06,20,1541.02,,65-0128790,12-3457100,CONDO,Homestead,"417 Southeast 12th Cc, Homestead, Florida",-80.44231,25.45803,493125,751,3477,417
11240,55-0961682,Weider Coling,23-5479982,Ryan Misselbrook,440847,2015-08-24,20,1836.86,,14-0617637,12-3457110,CONDO,Homestead,"27 Northwest 10th Avenue, Homestead, Florida",-80.48975,25.48439,587796,759,3328,27
11241,48-6498129,Alfredo Di Meo,50-8640239,Brigg Cosstick,352227.75,2014-11-20,20,1467.62,,62-8560641,12-3457120,CONDO,Pompano Beach,"1421 Northwest 28th Street, Pompano Beach, Florida",-80.12480,26.26552,469637,1531,6418,1421
11242,74-6671402,Alexandre Coxhell,27-9292856,Fairlie Foxworthy,300576,2017-07-12,20,1252.4,,02-2950162,12-3457130,CONDO,Deerfield Beach,"824 Lyndhurst L, Deerfield Beach, Florida",-80.13730,26.30952,400768,1329,509,824
11243,63-6031304,Lion Penning,32-0042295,Lannie Eales,276802.5,2016-03-14,20,1153.34,,07-8634954,12-3457140,CONDO,Delray Beach,"699 Casuarina Road, Delray Beach, Florida",-80.06108,26.45435,369070,631,1165,699
11244,68-8209197,Giraud Pepper,75-5658332,Sigismondo Parsons,496158.75,2008-01-25,20,2067.33,,12-1554955,12-3457150,CONDO,Fort Lauderdale,"1530 Northwest 33rd Way, Fort Lauderdale, Florida",-80.19322,26.20407,661545,1910,2666,1530
11245,43-5748813,Rickard Ellerton,77-9780053,Bastian Eydel,307803,2007-11-09,20,1282.51,,82-6521808,12-3457160,CONDO,Miami,"1824 Melaleuca Lane, Miami, Florida",-80.18583,25.81642,410404,1770,4415,1824
11246,76-4969871,Hamlen Eayres,98-2699439,Dexter Hinstridge,181161.75,2008-02-22,20,754.84,,07-8182645,12-3457170,CONDO,Pompano Beach,"448 Southwest 6th Avenue, Pompano Beach, Florida",-80.13040,26.20881,241549,643,6652,448
11247,34-1384698,Ian Boobyer,50-0686000,Morley McCaffrey,281358,2011-06-03,20,1172.33,,92-5370034,12-3457180,CONDO,Miami Gardens,"1540 Northwest 15th Court, Miami Gardens, Florida",-80.22729,25.93685,375144,1867,5240,1540
11248,62-7237054,Isidro Watting,84-2274919,Marcelo Gaggen,427224,2015-12-25,20,1780.1,,61-4074045,12-3457190,CONDO,Pompano Beach,"471 Southeast 8th Street, Pompano Beach, Florida",-80.12102,26.21995,569632,1934,6587,471
11249,72-7238269,Konrad Parradice,11-0051983,Langston Bazeley,102051,2019-11-07,20,425.21,,69-8463445,12-3457200,CONDO,Miami Gardens,"544 Northwest 176th Terrace, Miami Gardens, Florida",-80.24202,25.93525,136068,1384,5286,544
11250,76-2786296,Saxon MacLeese,50-5982507,Reuven Connett,317283.75,2015-07-08,20,1322.02,,98-1650681,12-3457210,CONDO,Homestead,"1443 Northeast 16th Terrace, Homestead, Florida",-80.45338,25.47792,423045,1162,3215,1443
11251,45-1753147,Lester Plowright,36-1266029,Merill Chaves,672903,2007-11-04,20,2803.76,,76-6385841,12-3457220,CONDO,Delray Beach,"809 Southwest 21st Terrace, Delray Beach, Florida",-80.09513,26.44174,897204,1243,1769,809
11252,84-8648067,Vinson Aylin,30-5544774,Pieter Viel,458617.5,2010-10-29,20,1910.91,,65-0790527,12-3457230,CONDO,Pompano Beach,"1841 Northwest 2nd Avenue, Pompano Beach, Florida",-80.12592,26.26762,611490,1470,6424,1841
11253,33-9157753,Justis Rhubottom,70-5230319,Julian O'Kennedy,509715,2016-09-23,20,2123.81,,35-0745950,12-3457240,CONDO,Fort Lauderdale,"150 Northeast 34th Street, Fort Lauderdale, Florida",-80.10883,26.16986,679620,1131,2437,150
11254,74-2912595,Den Ketteman,03-4894525,Thoma Leander,308175,2015-07-13,20,1284.06,,36-4396480,12-3457250,CONDO,Deerfield Beach,"623 Deer Creek Run, Deerfield Beach, Florida",-80.13335,26.32358,410900,405,401,623
11255,72-8479197,Massimiliano Stidson,63-7142598,Allyn Rosling,681718.5,2015-07-26,20,2840.49,,22-0463042,12-3457260,CONDO,Pinecrest,"1168 Southwest 75th Place, Pinecrest, Florida",-80.31767,25.67631,908958,367,6010,1168
11256,22-9120989,Sylvester Stanley,43-5361364,Ermin Sigart,684981,2007-03-23,20,2854.09,,56-0356271,23-4567890,CONDO,Pinecrest,"1977 Southwest 114th Terrace, Pinecrest, Florida",-80.28704,25.66495,913308,1308,5888,1977
11257,71-5099190,Kristofer Garnett,55-8987994,Dud Goncaves,536386.5,2009-12-10,20,2234.94,,81-6153744,23-4567900,CONDO,Miami,"779 Northeast 77th Terrace, Miami, Florida",-80.18047,25.84640,715182,1641,4551,779
11258,53-4739936,Craggie Jerromes,35-9906395,Cordie Lindemann,123754.5,2015-02-20,20,515.64,,24-1454961,23-4567910,CONDO,Miami Gardens,"875 Northwest 183rd Terrace, Miami Gardens, Florida",-80.27030,25.94085,165006,1498,5316,875
11259,31-1859225,Ragnar Hailston,38-6316094,Rafferty Ruckledge,389853.75,2016-08-05,20,1624.39,,12-9652522,23-4567920,CONDO,Miami,"760 Belle Meade Isle Drive, Miami, Florida",-80.17454,25.84392,519805,959,4273,760
11260,44-9089398,Akim Upston,11-8834631,Derril Seagar,447115.5,2013-01-23,20,1862.98,,94-4114158,12-3456930,CONDO,Fort Lauderdale,"1636 Executive Airport Way, Fort Lauderdale, Florida",-80.17317,26.20087,596154,946,2235,1636
11261,04-0420560,Elbert Covotti,72-1185196,Ringo Birney,175297.5,2019-12-15,20,730.41,,62-8851504,23-4567940,CONDO,Miami Gardens,"474 Northwest 23rd Avenue, Miami Gardens, Florida",-80.24058,25.96394,233730,1902,5445,474
11262,65-4850134,Jeno Wotherspoon,37-8391963,Micheal Tappor,244728,2009-01-16,20,1019.7,,44-8442548,23-4567950,CONDO,Kendall,"1106 Southwest 129th Street, Kendall, Florida",-80.35975,25.64948,326304,1000,3990,1106
11263,66-7981795,Silvanus Roach,36-3219203,Aldridge Mincini,515585.25,2016-11-24,20,2148.27,,35-3277136,23-4567960,CONDO,Palmetto Bay,"880 Southwest 139th Terrace, Palmetto Bay, Florida",-80.32811,25.64070,687447,1534,5615,880
11264,58-9292727,Brew Grierson,63-9290859,Kalil Cornall,458107.5,2012-03-13,20,1908.78,,91-8431424,23-4567970,CONDO,Miami,"1033 Southwest 39th Avenue, Miami, Florida",-80.25796,25.73335,610810,625,5040,1033
11265,87-8162121,Thaddeus Derl,51-8452039,Arlin Pietzner,345281.25,2012-06-24,20,1438.67,,20-2131089,23-4567980,CONDO,Kendall,"414 Southwest 146th Street, Kendall, Florida",-80.34803,25.63427,460375,1805,4034,414
11266,76-1347503,Benton Leynham,,,278370,2009-01-28,20,1159.88,,99-6335591,23-4567990,HOUSE,Deerfield Beach,"245 Northwest 53rd Street, Deerfield Beach, Florida",-80.13898,26.29548,371160,4112,746,245
11267,03-6410404,Sunny Kirmond,,,429597.75,2018-09-11,20,1789.99,,38-1577256,23-4568000,HOUSE,Pompano Beach,"1161 Southeast 22nd Avenue, Pompano Beach, Florida",-80.10282,26.22039,572797,4920,6552,1161
11268,45-8972342,Jamey Tomaszewicz,,,123198.75,2008-12-15,20,513.33,,78-7399455,23-4568010,HOUSE,Homestead,"1377 Southeast 16 court, Homestead, Florida",-80.46329,25.45493,164265,4150,3503,1377
11269,51-5264494,Gordy Gooderick,,,504727.5,2009-05-16,20,2103.03,,75-1586940,23-4568020,HOUSE,Fort Lauderdale,"1315 Northeast 24th Court, Fort Lauderdale, Florida",-80.10788,26.15601,672970,4440,2393,1315
11270,06-5360784,Bryce MacPhee,,,650430,2019-04-01,20,2710.13,,72-0951825,23-4568030,HOUSE,Deerfield Beach,"187 South Dixie Highway, Deerfield Beach, Florida",-80.10463,26.30735,867240,2741,805,187
11271,20-5643480,Tristan Southard,,,310790.25,2015-03-07,20,1294.96,,15-7398767,23-4568040,HOUSE,Pompano Beach,"71 Par Drive, Pompano Beach, Florida",-80.16748,26.23900,414387,3702,6497,71
11272,33-5824377,Enoch Olander,,,685495.5,2011-04-10,20,2856.23,,15-9986255,23-4568050,HOUSE,Kendall,"1553 Southwest 113th Place, Kendall, Florida",-80.37644,25.68844,913994,3877,3903,1553
11273,60-7066337,Lothaire Rameaux,,,189792,2018-12-10,20,790.8,,10-9438282,23-4568060,HOUSE,Deerfield Beach,"341 Northeast 7th Terrace, Deerfield Beach, Florida",-80.11340,26.28660,253056,3164,616,341
11274,37-2400304,Gail Chupin,,,393997.5,2018-02-07,20,1641.66,,86-4895885,23-4568080,HOUSE,Pompano Beach,"1861 Southwest 1st Terrace, Pompano Beach, Florida",-80.12493,26.21663,525330,2646,6622,1861
11275,81-0406556,Fons Thornton,,,267750,2015-10-21,20,1115.63,,62-2561215,23-4568090,HOUSE,Miami Gardens,"1249 Northwest 153rd Street, Miami Gardens, Florida",-80.23209,25.91425,357000,5193,5223,1249
11276,93-7175414,Mel Rubin,,,352887,2016-04-27,20,1470.36,,04-6658427,23-4568100,HOUSE,Fort Lauderdale,"1966 Northwest 9th Terrace, Fort Lauderdale, Florida",-80.15599,26.18660,470516,3608,2754,1966
11277,53-2185278,Vincent Sheirlaw,,,354502.5,2018-04-20,20,1477.09,,04-4416342,23-4568110,HOUSE,Palmetto Bay,"105 Southwest 165th Terrace, Palmetto Bay, Florida",-80.32868,25.61673,472670,2752,5685,105
11278,67-5675561,Thaddus Byre,,,491155.5,2016-01-24,20,2046.48,,61-0913511,23-4568120,HOUSE,Fort Lauderdale,"476 Northeast 40th Street, Fort Lauderdale, Florida",-80.10269,26.17636,654874,3038,2452,476
11279,26-2882425,Worth Percifer,,,171494.25,2017-05-18,20,714.56,,39-0624993,23-4568130,HOUSE,Miami Gardens,"1049 Northwest 25th Court, Miami Gardens, Florida",-80.24437,25.96265,228659,5249,5455,1049
11280,16-8630005,Gunar Raveau,,,611184,2013-12-17,20,2546.6,,28-8579142,23-4568140,HOUSE,Fort Lauderdale,"1392 Bryan Place, Fort Lauderdale, Florida",-80.15148,26.11654,814912,4504,2190,1392
11281,35-6665057,Ermanno Lapre,,,221949,2016-04-12,20,924.79,,19-7667346,23-4568150,HOUSE,Fort Lauderdale,"1411 Northeast 43rd Street, Fort Lauderdale, Florida",-80.10793,26.18191,295932,3813,2457,1411
11282,31-8507289,Levi Moon,,,565717.5,2007-04-23,20,2357.16,,70-6808658,23-4568160,HOUSE,Pompano Beach,"407 Robbins Road, Pompano Beach, Florida",-80.08713,26.25650,754290,4832,6508,407
11283,19-4821263,Trey Herries,,,810283.5,2008-08-29,20,3376.18,,10-4025219,23-4568170,HOUSE,Miami,"1796 Rogers Road, Miami, Florida",-80.25026,25.71234,1080378,4581,4865,1796
11284,12-3392114,Vidovic Hawkeswood,,,158546.25,2013-11-07,20,660.61,,86-3996927,23-4568180,HOUSE,Delray Beach,"1403 Albatross Road North, Delray Beach, Florida",-80.07716,26.43106,211395,4092,1073,1403
11285,96-2514895,Marwin Masdon,,,80281.5,2011-05-27,20,334.51,,69-6698785,23-4568190,HOUSE,Miami Gardens,"149 Northwest 210th Terrace, Miami Gardens, Florida",-80.25291,25.96727,107042,2655,5426,149
11286,72-6433566,Bearnard Alred,,,569859,2012-02-15,20,2374.41,,79-0660728,23-4568200,HOUSE,Miami,"1993 Northwest 68th Terrace, Miami, Florida",-80.19854,25.83766,759812,5387,4790,1993
11287,03-6860964,Malachi Dingle,,,323598,2018-05-04,20,1348.33,,89-3702281,23-4568210,HOUSE,Homestead,"1879 Southeast 5th Court, Homestead, Florida",-80.44171,25.46540,431464,2992,3620,1879
11288,52-0978911,Ricoriki Moncreif,,,717518.25,2019-05-20,20,2989.66,,01-4576404,23-4568220,HOUSE,Fort Lauderdale,"781 Northwest 63rd Court, Fort Lauderdale, Florida",-80.18228,26.20456,956691,4971,2716,781
11289,35-6316017,Drake Cookley,,,201075,2010-05-08,20,837.81,,67-5036672,23-4568230,HOUSE,Deerfield Beach,"619 Harwood Drive, Deerfield Beach, Florida",-80.13590,26.30595,268100,2567,463,619
11290,53-4707559,Seymour Fackrell,,,840720,2009-02-23,20,3503,,33-6212894,23-4568240,HOUSE,Delray Beach,"224 Dr Carolkrol Way, Delray Beach, Florida",-80.09287,26.46773,1120960,3209,1233,224
11291,38-3065109,Salomo Rumming,,,468294.75,2011-05-06,20,1951.23,,86-3840590,23-4568250,HOUSE,Palmetto Bay,"1989 Southwest 173rd Street, Palmetto Bay, Florida",-80.31389,25.61067,624393,4132,5708,1989
11292,65-1859075,Darrel Mussared,,,1160199,2017-06-27,20,4834.16,,67-9804572,23-4568260,HOUSE,Pinecrest,"811 Southwest 126th Street, Pinecrest, Florida",-80.30109,25.65402,1546932,2553,5917,811
11293,12-2759663,Klemens Abrahmson,,,662086.5,2015-02-05,20,2758.69,,50-3355708,23-4568270,HOUSE,Deerfield Beach,"892 Southwest 21st Terrace, Deerfield Beach, Florida",-80.13223,26.29620,882782,4014,932,892
11294,53-1598179,Renaud Cherrington,,,612806.25,2008-09-15,20,2553.36,,62-1293499,23-4568280,HOUSE,Delray Beach,"1791 Southeast 4th Street, Delray Beach, Florida",-80.06941,26.45434,817075,4612,1729,1791
11295,52-9062567,Lucias de Vaen,,,610517.25,2010-10-23,20,2543.82,,76-4327019,23-4568290,HOUSE,Palmetto Bay,"394 Southwest 80th Avenue, Palmetto Bay, Florida",-80.32342,25.62939,814023,2755,5769,394
11296,79-1016264,Gunner Wayper,,,473663.25,2019-04-30,20,1973.6,,43-9575924,23-4568300,HOUSE,Miami,"1811 Southwest 58th Avenue, Miami, Florida",-80.28974,25.76779,631551,4623,5070,1811
11297,91-6265367,Skipper Buckenhill,,,257163,2010-02-05,20,1071.51,,09-8395099,23-4568310,HOUSE,Pompano Beach,"1115 South Flagler Avenue, Pompano Beach, Florida",-80.12882,26.22005,342884,4518,6521,1115
11298,98-2945237,Jerad Snawdon,,,429930,2010-02-04,20,1791.38,,30-6827810,23-4568320,HOUSE,Homestead,"784 Northeast 3rd Drive, Homestead, Florida",-80.47212,25.47149,573240,3493,3291,784
11299,79-5273720,Norbert Halt,,,216006,2010-11-29,20,900.03,,40-7793493,23-4568330,HOUSE,Kendall,"1776 Southwest 113th Court Circle, Kendall, Florida",-80.37612,25.70035,288008,3768,3902,1776
11300,76-4409029,Shem Ennion,,,289024.5,2016-11-06,20,1204.27,,61-3506454,23-4568340,HOUSE,Cutler Bay,"112 Southwest 210th Street, Cutler Bay, Florida",-80.32343,25.57233,385366,2753,185,112
11301,88-9862933,Artur Moger,,,119916,2009-07-19,20,499.65,,16-7402496,23-4568350,HOUSE,Palmetto Bay,"1765 Southwest 170th Street, Palmetto Bay, Florida",-80.31783,25.61294,159888,4682,5699,1765
11302,69-4398292,Karlis Eich,,,159388.5,2007-10-13,20,664.12,,49-4865285,23-4568360,HOUSE,Fort Lauderdale,"1233 Northeast 51st Street, Fort Lauderdale, Florida",-80.11426,26.19057,212518,3573,2472,1233
11303,92-7963921,Taddeusz Guilloneau,,,607563,2007-08-11,20,2531.51,,32-8234741,23-4568370,HOUSE,Miami,"1296 Venetian Causeway, Miami, Florida",-80.16587,25.79060,810084,4294,5126,1296
11304,83-4942301,Waverly Whorlton,,,638637,2009-09-11,20,2660.99,,94-0178122,23-4568380,HOUSE,Pompano Beach,"1455 Northeast 4th Avenue, Pompano Beach, Florida",-80.11593,26.26391,851516,4428,6290,1455
11305,43-0730384,Maxy Moscon,,,365811.75,2018-09-16,20,1524.22,,87-4143432,23-4568390,HOUSE,Edgewater,"1152 Joan Street, Edgewater, Florida",-80.91023,28.98431,487749,4811,2008,1152
11306,94-0750734,Duncan Worts,,,710685,2012-01-05,20,2961.19,,84-7728728,23-4568400,HOUSE,Deerfield Beach,"526 Southwest 14th Place, Deerfield Beach, Florida",-80.11010,26.29849,947580,3503,903,526
11307,27-4508820,Sidnee Pankethman,,,167205,2011-02-17,20,696.69,,38-4950792,23-4568410,HOUSE,Fort Lauderdale,"704 North New River Drive East, Fort Lauderdale, Florida",-80.13975,26.11730,222940,3726,2304,704
11308,89-7125241,Fran di Rocca,,,359595,2016-02-23,20,1498.31,,30-1832278,23-4568420,HOUSE,Fort Lauderdale,"1392 Compass Point, Fort Lauderdale, Florida",-80.10482,26.20662,479460,3884,2208,1392
11309,62-6236130,Lay Cohen,,,589335,2012-06-09,20,2455.56,,24-0418268,23-4568430,HOUSE,Kendall,"669 Southwest 122nd Terrace, Kendall, Florida",-80.35693,25.65577,785780,4774,3970,669
11310,84-7321431,Oran Menier,,,650989.5,2016-12-15,20,2712.46,,95-1240308,23-4568440,HOUSE,Miami,"1599 Southwest 18th Street, Miami, Florida",-80.23025,25.75523,867986,3383,4947,1599
11311,28-8854034,Hamlin Bevis,60-0489342,Brig Gravet,533820,2017-05-07,20,2224.25,,24-0715628,23-4568450,CONDO,Deerfield Beach,"1029 Ellesmere East, Deerfield Beach, Florida",-80.14039,26.31644,711760,699,429,1029
11312,61-0782447,Rockie Rodmell,01-1103814,Hailey Winton,214887,2009-04-03,20,895.36,,95-7777891,23-4568460,CONDO,Delray Beach,"956 Via Verona, Delray Beach, Florida",-80.10371,26.43379,286516,1422,1847,956
11313,60-8142366,Steve Coyle,71-3648056,Brendon Casine,202266,2010-06-15,20,842.78,,84-0051468,23-4568470,CONDO,Miami,"994 Southwest 73rd Avenue, Miami, Florida",-80.31395,25.76612,269688,1248,5094,994
11314,36-4309839,Dominick Binton,08-6273496,Jared Penvarne,527055,2010-12-30,20,2196.06,,97-3644263,23-4568480,CONDO,Kendall,"1774 Southwest 142nd Street, Kendall, Florida",-80.35425,25.63775,702740,765,4029,1774
11315,61-0639591,Elnar Girdwood,50-1522076,Mandel Winchurst,435037.5,2015-03-25,20,1812.66,,49-2424387,23-4568490,CONDO,Fort Lauderdale,"665 Flamingo Lane, Fort Lauderdale, Florida",-80.19160,26.08950,580050,1471,2241,665
11316,95-8732088,Alf Donner,32-3052462,Craig Aseef,194355,2007-05-15,20,809.81,,30-5410033,23-4568500,CONDO,Miami,"583 Justison Court, Miami, Florida",-80.25393,25.71223,259140,1852,4379,583
11317,10-0204864,Forrester Bertrand,59-7465824,Sherm Spira,653512.5,2015-08-25,20,2722.97,,56-4478981,23-4568510,CONDO,Deerfield Beach,"813 Northeast 8th Terrace, Deerfield Beach, Florida",-80.11234,26.29662,871350,744,619,813
11318,73-9496899,Kermy Yarranton,94-4966931,Hayden Duplan,380526.75,2007-10-14,20,1585.53,,40-8245924,23-4568520,CONDO,Edgewater,"138 Bigelow Drive, Edgewater, Florida",-80.91043,29.00099,507369,1273,1930,138
11319,32-6466205,Darwin Luther,40-7026872,Ollie Britch,657360,2016-11-06,20,2739,,14-4054600,23-4568530,CONDO,Delray Beach,"529 Northeast 3rd Alley, Delray Beach, Florida",-80.06903,26.46850,876480,854,1479,529
11320,14-2336976,Zechariah Cockayne,29-8011100,Meredith Ivshin,506191.5,2012-05-26,20,2109.13,,89-9138620,23-4568540,CONDO,Deerfield Beach,"1082 East Newport Center Drive, Deerfield Beach, Florida",-80.12373,26.30251,674922,1587,417,1082
11321,03-3052278,Jarvis Carlisi,40-7556547,Benedict Bratcher,187312.5,2016-02-03,20,780.47,,01-2221126,23-4568550,CONDO,Deerfield Beach,"1479 Southwest 34th Avenue, Deerfield Beach, Florida",-80.15029,26.31497,249750,1528,962,1479
11322,65-7014749,Ruben Langfat,56-3144261,Mohandas Broadis,140700,2011-04-27,20,586.25,,75-3042701,23-4568560,CONDO,Pompano Beach,"1414 Northeast 33rd Street, Pompano Beach, Florida",-80.10508,26.27185,187600,1424,6261,1414
11323,59-4556079,Noll Mattusov,24-0697574,Rudolfo Killbey,488757,2009-10-21,20,2036.49,,23-4401091,23-4568570,CONDO,Pompano Beach,"1352 Northeast 26th Terrace, Pompano Beach, Florida",-80.09692,26.24923,651676,1399,6235,1352
11324,59-0414529,Angelo Arnaldo,42-5379711,Benson Bowles,610695,2012-10-28,20,2544.56,,15-0912413,23-4568580,CONDO,Fort Lauderdale,"1313 Bay Colony Drive, Fort Lauderdale, Florida",-80.10329,26.20325,814260,1220,2179,1313
11325,38-8882289,Hartley Robatham,48-3873482,Mickey Cadge,228696,2019-12-09,20,952.9,,12-8076190,23-4568590,CONDO,Fort Lauderdale,"472 Northeast 19th Terrace, Fort Lauderdale, Florida",-80.12069,26.20282,304928,543,2359,472
11326,77-1204753,Zerk Rospars,93-1703306,Humphrey Pirouet,425493,2019-01-11,20,1772.89,,28-2736876,23-4568600,CONDO,Delray Beach,"443 Northwest 1st Court, Delray Beach, Florida",-80.10832,26.45889,567324,943,1526,443
11327,80-1036160,Kermy Swinney,09-4736644,Brooks MacTeggart,587925,2017-06-16,20,2449.69,,01-7292181,23-4568610,CONDO,Deerfield Beach,"154 Southwest 28th Terrace, Deerfield Beach, Florida",-80.14359,26.29752,783900,865,947,154
11328,39-6021563,Lee Desouza,42-9026751,Wilden Pattini,88900.5,2013-02-17,20,370.42,,69-7066574,23-4568620,CONDO,Fort Lauderdale,"151 3rd Key Drive, Fort Lauderdale, Florida",-80.11639,26.13068,118534,1058,2155,151
11329,65-2926887,Wyn Molan,50-1537566,Guy Maudlin,509082,2008-07-18,20,2121.18,,96-3177817,23-4568630,CONDO,Fort Lauderdale,"1530 Southeast 12th Way, Fort Lauderdale, Florida",-80.13045,26.10727,678776,1455,2837,1530
11330,69-1708597,Skipper Clemmitt,04-3811653,Portie Ilieve,149393.25,2020-01-23,20,622.47,,61-4352797,23-4568640,CONDO,Pompano Beach,"1593 South Flagler Avenue, Pompano Beach, Florida",-80.12882,26.22005,199191,832,6521,1593
11331,39-3248763,Christoforo Langsbury,33-4309460,Aluin Seathwright,405724.5,2019-10-21,20,1690.52,,54-8059930,23-4568650,CONDO,Pompano Beach,"1486 Northeast 23rd Terrace, Pompano Beach, Florida",-80.09996,26.24155,540966,372,6226,1486
11332,43-7723322,Gardner Raggatt,16-0610356,Frederigo Corr,317781.75,2009-12-12,20,1324.09,,18-2834895,23-4568660,CONDO,Deerfield Beach,"1285 Northwest 11th Lane, Deerfield Beach, Florida",-80.13898,26.29405,423709,1069,624,1285
11333,48-3064970,Dev Bispham,14-3639376,Ellery Lyne,216534,2019-09-03,20,902.23,,99-2918772,23-4568670,CONDO,Miami Gardens,"1871 Northwest 38th Court, Miami Gardens, Florida",-80.26322,25.92807,288712,1795,5505,1871
11334,85-3606176,Maynard Ganter,47-9372568,Neall Demer,145323.75,2015-09-10,20,605.52,,76-5045333,23-4568680,CONDO,Pompano Beach,"1661 Northeast 4th Avenue, Pompano Beach, Florida",-80.11593,26.26391,193765,1561,6290,1661
11335,90-4022003,Eziechiele Brewster,07-2617979,Gabriele Oganian,397505.25,2014-12-25,20,1656.27,,46-2423565,23-4568690,CONDO,Delray Beach,"99 Northeast 1st Avenue, Delray Beach, Florida",-80.07219,26.46592,530007,828,1471,99
11336,49-7313013,Ruy Malcolm,30-9228138,Hartley Allabush,1105110,2015-04-28,20,4604.63,,16-6467065,23-4568700,CONDO,Edgewater,"1488 Wildwood Boulevard, Edgewater, Florida",-80.92295,28.98561,1473480,1233,2146,1488
11337,48-9409924,Craggy Brackstone,28-7320656,Lewes Antowski,953906.25,2007-05-14,20,3974.61,,97-1644724,23-4568710,CONDO,Palmetto Bay,"1078 Southwest 75th Avenue, Palmetto Bay, Florida",-80.31536,25.63339,1271875,1147,5754,1078
11338,77-4228902,Pacorro Benns,15-6221777,Walther McAline,595693.5,2016-12-12,20,2482.06,,97-5637685,23-4568720,CONDO,Fort Lauderdale,"1198 Intracoastal Drive, Fort Lauderdale, Florida",-80.11090,26.13181,794258,586,2264,1198
11339,23-1729124,Aguie Reitenbach,26-9603484,Dud Worboy,1145140.5,2018-07-29,20,4771.42,,73-6626005,23-4568730,CONDO,Cutler Bay,"1387 Southwest 99th Place, Cutler Bay, Florida",-80.35348,25.58369,1526854,523,343,1387
11340,16-8602931,Keenan MacCaughey,38-0587617,Alfons Hastwall,1101825.75,2007-05-27,20,4590.94,,14-9846503,23-4568740,CONDO,Deerfield Beach,"72 Harwood Drive, Deerfield Beach, Florida",-80.13590,26.30595,1469101,1611,463,72
11341,75-9450770,Christoper May,80-9523070,Edward Bullingham,1339716,2009-04-11,20,5582.15,,36-5629070,23-4568750,CONDO,Cutler Bay,"1878 Southwest 97th Court, Cutler Bay, Florida",-80.34894,25.59553,1786288,704,332,1878
11342,41-0399143,Enoch Shugg,81-7671330,Lombard Spencock,1524125.25,2008-02-10,20,6350.52,,27-5721547,23-4568760,CONDO,Kendall,"1546 Southwest 107th Lane, Kendall, Florida",-80.38576,25.66851,2032167,1366,3845,1546
11343,74-4868832,Rolf Ramelot,47-1588691,Gage Hackelton,1474167.75,2014-07-03,20,6142.37,,69-3960610,23-4568770,CONDO,Delray Beach,"140 Northwest 26th Avenue, Delray Beach, Florida",-80.10130,26.47586,1965557,1389,1545,140
11344,90-7898277,Graeme Angliss,79-6108981,Vite Blabie,353006.25,2007-06-29,20,1470.86,,42-8777820,23-4568780,CONDO,Edgewater,"1416 Travelers Palm Drive, Edgewater, Florida",-80.91324,28.96595,470675,548,2122,1416
11345,01-2136431,Brig Eusden,80-3285968,Cooper Bernardeau,201231,2013-10-09,20,838.46,,39-0271138,23-4568790,CONDO,Miami,"328 Florida Avenue, Miami, Florida",-80.24553,25.72865,268308,852,4343,328
11346,66-4717909,Dylan Domenico,08-2442473,Ambrosi Dawks,125550,2007-03-27,20,523.13,,40-0010852,23-4568800,CONDO,Delray Beach,"1359 Clearbrook Circle West, Delray Beach, Florida",-80.10530,26.45145,167400,1339,1178,1359
11347,84-5185097,Sheffy Warlow,07-5264864,Thoma Ruppelin,171063.75,2020-02-22,20,712.77,,35-3856385,23-4568810,CONDO,Fort Lauderdale,"959 NW 17th Terrace, Fort Lauderdale, Florida",-80.16641,26.18933,228085,1085,2757,959
11348,47-9747959,Avram Goodman,63-8605415,Devy Sherland,325164,2016-03-02,20,1354.85,,99-0172335,23-4568820,CONDO,Delray Beach,"1724 Northwest 21st Terrace, Delray Beach, Florida",-80.09635,26.47800,433552,437,1532,1724
11349,11-4050706,Foster Benedicto,14-1131653,Sunny Stelli,446748.75,2016-03-18,20,1861.45,,94-4114158,12-3456930,CONDO,Kendall,"1711 Marion Road, Kendall, Florida",-80.38190,25.68729,595665,952,3768,1711
11350,13-4710469,Wolfy Dewey,31-8875261,Olag Mirfield,319923,2013-04-10,20,1333.01,,29-6629276,23-4568840,CONDO,Homestead,"866 Southeast 15th Avenue, Homestead, Florida",-80.45470,25.46626,426564,1574,3497,866
11351,37-6092616,Germayne Fountain,68-9390015,Courtney Fanstone,287158.5,2012-02-10,20,1196.49,,94-3814051,23-4568850,CONDO,Pinecrest,"1002 Hemlock Avenue, Pinecrest, Florida",-82.03412,26.91875,382878,1796,5832,1002
11352,08-2279490,Hill Kingzet,59-1135987,Fran Metcalfe,373920,2015-05-03,20,1558,,01-9105888,23-4568860,CONDO,Delray Beach,"1430 West Barwick Ranch Circle, Delray Beach, Florida",-80.11607,26.47936,498560,366,1858,1430
11353,49-6131451,Trey Dyson,89-4215558,Chan Tims,438651,2010-09-05,20,1827.71,,39-2331330,23-4568870,CONDO,Cutler Bay,"830 Southwest 94th Avenue, Cutler Bay, Florida",-80.34397,25.56222,584868,1914,322,830
11354,72-4566141,Garold Lysaght,04-5436581,Lindy Dillingston,486297,2015-11-20,20,2026.24,,04-1669848,23-4568880,CONDO,Pompano Beach,"756 South Dixie Highway West, Pompano Beach, Florida",-80.12957,26.22541,648396,368,6520,756
11355,12-5841325,Stillman Vawton,73-4630789,Inness Kermode,231993,2008-08-26,20,966.64,,79-3167314,23-4568890,CONDO,Pompano Beach,"1658 Estates Drive, Pompano Beach, Florida",-80.16670,26.22344,309324,1308,6106,1658
11356,45-0963721,Josias Wetherby,21-4142921,Minor Mowsdale,360894.75,2008-02-25,20,1503.73,,29-7630447,23-4568900,CONDO,Fort Lauderdale,"50 Chateau Park Drive, Fort Lauderdale, Florida",-80.15617,26.13882,481193,1152,2198,50
11357,21-4586108,Nikolos Redholes,01-9532135,Oran Stigger,155049.5,2010-11-24,20,646.03,,89-9138620,12-3456910,CONDO,Edgewater,"1376 Camino Real Drive, Edgewater, Florida",-80.9001,28.97677,220066,703,1938,1376
11358,65-1228213,Conny Gregorin,02-9109212,Robers Ells,210899.75,2015-08-15,20,878.74,,61-4352797,12-3457010,CONDO,Miami,"31 Northwest 58th Court, Miami, Florida",-80.29093,25.77436,302533,1123,4757,31
11359,22-9476315,Filmer Iredell,,,509190,2019-11-29,20,2121.62,,90-3368758,12-3456860,HOUSE,Kendall,"665 Southwest 95th Court, Kendall, Florida",-80.34861,25.63201,598920,2902,4204,665
11360,88-9795163,Skylar Goldine,,,461200,2015-03-17,20,1921.66,,25-3352987,12-3457020,HOUSE,Miami,"1285 Florida Avenue, Miami, Florida",-80.24553,25.72865,561600,5004,4343,1285
11361,22-9476315,Filmer Iredell,,,681184,2013-12-17,20,2838.26,,28-8579142,23-4568140,HOUSE,Fort Lauderdale,"1392 Bryan Place, Fort Lauderdale, Florida",-80.15148,26.11654,814912,4504,2190,1392
11362,52-9062567,Lucias de Vaen,,,560517.25,2011-10-23,20,2335.48,,76-4327019,23-4568290,HOUSE,Palmetto Bay,"394 Southwest 80th Avenue, Palmetto Bay, Florida",-80.32342,25.62939,814023,2755,5769,394
11363,22-9476315,Filmer Iredell,22-4418085,Maddie Bon,127312.5,2017-02-03,20,530.46,,01-2221126,23-4568550,CONDO,Deerfield Beach,"1479 Southwest 34th Avenue, Deerfield Beach, Florida",-80.15029,26.31497,249750,1528,962,1479